<?xml version="1.0" encoding="UTF-8" ?>
<!DOCTYPE configuration
        PUBLIC "-//mybatis.org//DTD Config 3.0//EN"
        "https://mybatis.org/dtd/mybatis-3-config.dtd">
<configuration>
    <environments default="development">
        <environment id="development">
            <transactionManager type="JDBC"/>
            <!--            这里要写入我们连接mysql数据库的信息-->
            <dataSource type="POOLED">
                <property name="driver" value="org.postgresql.Driver"/>
                <property name="url" value="jdbc:postgresql://localhost:5432/e2ee"/>
                <property name="username" value="postgres"/>
                <property name="password" value="Rsml07230827z"/>
            </dataSource>
        </environment>
    </environments>
    <!--    这里要写sql映射-->
    <mappers>
        <mapper resource="demo.Mapper/chaterMapper.xml"/>
    </mappers>
</configuration>