<?xml version="1.0" encoding="UTF-8" ?>
<!DOCTYPE mapper
        PUBLIC "-//mybatis.org//DTD Mapper 3.0//EN"
        "https://mybatis.org/dtd/mybatis-3-mapper.dtd">
<mapper namespace="demo.Mapper.chaterMapper">

    <select id="selectall" resultType="demo.pojo.chater">
        select * from chater;
    </select>

    <select id="getCount" resultType="int">
        select count(*) from chater;
    </select>

    <insert id="insertChater">
        insert into chater values (#{id},#{name},#{pwd});
    </insert>

    <select id="getPwd" resultType="String">
        select pwd from chater where name = #{name};
    </select>

    <select id="getId" resultType="int">
        select id from chater where name = #{name};
    </select>

</mapper>